{
  "name": "promise-polyfill",
  "version": "1.0.0",
  "homepage": "https://github.com/taylorhakes/promise-polyfill",
  "authors": [
    "Taylor Hakes"
  ],
  "description": "Lightweight promise polyfill for the browser and node. A+ Compliant.",
  "main": "Promise.js",
  "moduleType": [
    "globals",
    "node"
  ],
  "keywords": [
    "promise",
    "es6",
    "polyfill",
    "html5"
  ],
  "license": "MIT",
  "ignore": [
    "**/.*",
    "node_modules",
    "bower_components",
    "test",
    "tests"
  ],
  "dependencies": {
    "polymer": "polymer/polymer#^1.0.0"
  },
  "_release": "1.0.0",
  "_resolution": {
    "type": "version",
    "tag": "v1.0.0",
    "commit": "2ef7dada161cae30e69ffff918485c57121d4b88"
  },
  "_source": "git://github.com/polymerlabs/promise-polyfill.git",
  "_target": "^1.0.0",
  "_originalSource": "polymerlabs/promise-polyfill"
}