{
  "name": "iron-menu-behavior",
  "version": "1.1.7",
  "description": "Provides accessible menu behavior",
  "authors": "The Polymer Authors",
  "keywords": [
    "web-components",
    "polymer",
    "behavior",
    "menu"
  ],
  "main": [
    "iron-menu-behavior.html",
    "iron-menubar-behavior.html"
  ],
  "private": true,
  "repository": {
    "type": "git",
    "url": "git://github.com/PolymerElements/iron-menu-behavior"
  },
  "license": "http://polymer.github.io/LICENSE.txt",
  "homepage": "https://github.com/PolymerElements/iron-menu-behavior",
  "ignore": [],
  "dependencies": {
    "iron-selector": "PolymerElements/iron-selector#^1.0.0",
    "polymer": "Polymer/polymer#^1.2.4",
    "iron-a11y-keys-behavior": "polymerelements/iron-a11y-keys-behavior#^1.0.0"
  },
  "devDependencies": {
    "paper-styles": "polymerelements/paper-styles#^1.0.2",
    "iron-component-page": "PolymerElements/iron-component-page#^1.0.0",
    "iron-test-helpers": "polymerelements/iron-test-helpers#^1.0.0",
    "test-fixture": "PolymerElements/test-fixture#^1.0.0",
    "web-component-tester": "^4.0.0",
    "webcomponentsjs": "webcomponents/webcomponentsjs#^0.7.0"
  },
  "_release": "1.1.7",
  "_resolution": {
    "type": "version",
    "tag": "v1.1.7",
    "commit": "ea59e6ce5644d8f7a20c22f13f614ea60604a812"
  },
  "_source": "git://github.com/PolymerElements/iron-menu-behavior.git",
  "_target": "^1.0.0",
  "_originalSource": "PolymerElements/iron-menu-behavior"
}